제품명,성분명,코드
비노스토발포정(알렌드론산나트륨삼수화물),알렌드론산나트륨삼수화물,K-037589
콤비글라이즈서방정 5/1000mg,메트포르민염산염|삭사글립틴수화물,K-029534
아목클란듀오정 500mg,아목시실린수화물|묽은클라불란산칼륨,K-015270
케프라엑스알서방정 500mg,레비티라세탐,K-040531
도베인정 500mg,도베실산칼슘수화물,K-041153
직듀오서방정 10/500mg,메트포르민염산염|다파글리플로진프로판디올수화물,K-036625
케프라정 1000mg,레비티라세탐,K-012503
펜타사서방정 1g,메살라진,K-029962
파루탈정(메드록시프로게스테론아세테이트),메드록시프로게스테론아세테이트,K-003945
글루파정 850mg,메트포르민염산염,K-010610
마도파정,레보도파|염산벤세라짓,K-020014
비리어드정(테노포비르디소프록실푸마르산염),테노포비르디소프록실푸마르산염,K-027602
케프라엑스알서방정 750mg,레비티라세탐,K-040530
콤비글라이즈서방정 5/500mg,메트포르민염산염|삭사글립틴수화물,K-029533
메가폴민서방정(메트포르민염산염),메트포르민염산염,K-017517
텔로스톱플러스정 80/5/5mg,텔미사르탄|암로디핀베실산염|로수바스타틴칼슘,K-043814
조이렉스정(아시클로버)(수출명:HerpexTabs.200mgZoylinTabs.),아시클로버,K-002753
안플라그서방정 300mg,사르포그렐레이트염산염,K-047218
튜비스정,리팜피신|이소니아지드|피라진아미드|에탐부톨염산염,K-030008
트라젠타듀오정 2.5/1000mg,리나글립틴|메트포르민염산염,K-030309
크라모틴정(아목시실린·클라불란산칼륨(2:1)),아목시실린수화물|묽은클라불란산칼륨,K-009429
유한폰탈정 500mg,메페남산,K-004550
멀택정(드로네다론염산염),드로네다론염산염,K-027179
포스레놀정 500mg,탄산란탄,K-018969
마이렙트정 500mg,미코페놀레이트모페틸,K-027737
싸이신정 500mg,시프로플록사신염산염,K-002944
동아가바펜틴정 800mg,가바펜틴,K-016551
크라맥스정 375mg,아목시실린수화물|묽은클라불란산칼륨,K-004578
쎄로켈서방정 400mg,쿠에티아핀푸마르산염,K-022703
아마릴-멕스서방정 2/500mg,메트포르민염산염|글리메피리드,K-023740
스타레보필름코팅정 200/50/200mg,엔타카폰|레보도파|카르비도파수화물,K-023835
란스톤엘에프디티정 30mg,란소프라졸,K-018110
다이아벡스엑스알서방정(메트포르민염산염),메트포르민염산염,K-018254
이트라정 100mg,이트라코나졸,K-009460
리피논정 80mg,무수아토르바스타틴칼슘,K-024631
테노리드정(테노포비르디소프록실),테노포비르디소프록실,K-042226
트윈스타정 80/5mg,텔미사르탄|암로디핀베실산염,K-027735
리피딜슈프라정(페노피브레이트),페노피브레이트,K-013937
자누메트엑스알서방정 100/1000mg,메트포르민염산염|시타글립틴인산염수화물,K-031885
자디앙듀오정 12.5/850mg,엠파글리플로진|메트포르민염산염,K-038186
자디앙듀오정 5/850mg,엠파글리플로진|메트포르민염산염,K-038183
아사콜디알정1600mg/PTP,메살라진,K-053132
인벨라정(세벨라머탄산염),세벨라머탄산염,K-035837
나프메드정 500/20mg,에스오메프라졸|나프록센,K-033465
유로시트라케이10mEq서방정(시트르산칼륨수화물),시트르산칼륨수화물,K-018757
듀오웰정 80/10mg,텔미사르탄|로수바스타틴칼슘,K-034568
후시딘정(퓨시드산나트륨),퓨시드산나트륨,K-000400
유나신정 375mg,설타미실린토실산염수화물,K-011274
자디앙듀오정 12.5/1000mg,엠파글리플로진|메트포르민염산염,K-038187
디스토시드정(프라지콴텔정)군납명:프라지콴텔정,프라지콴텔,K-000913
울트라셋이알서방정,아세트아미노펜|트라마돌염산염,K-027926
트라젠타듀오정 2.5/850mg,리나글립틴|메트포르민염산염,K-030308
아목시클정(아목시실린수화물·클라불란산칼륨(7:1)),아목시실린수화물|희석클라불란산칼륨,K-011833
하이세펜정,아세트아미노펜|트라마돌염산염,K-023729
사브릴정 500mg,비가바트린,K-007022
칸데모어정 32mg,칸데사르탄실렉세틸,K-028010
케프라정 500mg,레비티라세탐,K-012502
레보펙신정 500mg,레보플록사신수화물,K-020769
오르필서방정 600mg,발프로산나트륨,K-007947
울트라스크정,아세트아미노펜|트라마돌염산염,K-023612
세비보정(텔비부딘),텔비부딘,K-020006
네오메디코푸정,디히드로코데인타르타르산염|클로르페니라민말레산염|dl-메틸에페드린염산염|카페인무수물,K-000438
에란탄지속정 60mg,이소소르비드5모노니트레이트90%,K-016302
다이아벡스정 1000mg,메트포르민염산염,K-012767
리리카CR서방정 330mg,프레가발린,K-044258
마이렙틱엔장용정 360mg,미코페놀레이트나트륨,K-040623
쎄로켈서방정 200mg,쿠에티아핀푸마르산염,K-022706
슈가메트서방정 2.5/850mg,메트포르민염산염|에보글립틴타르타르산염,K-038106
자누메트정 50/500mg,시타글립틴인산염수화물|메트포르민염산염,K-022712
일성이솦틴서방정 180mg,베라파밀염산염,K-005087
알레그라디정,펙소페나딘염산염|수도에페드린염산염,K-008901
실콘정(칼슘폴리카르보필),폴리카르보필칼슘,K-008223
쎄로켈서방정 300mg,쿠에티아핀푸마르산염,K-022704
마이폴틱장용정 360mg,미코페놀레이트나트륨,K-013828
자디앙듀오정 5/500mg,엠파글리플로진|메트포르민염산염,K-038182
올멕정 40mg,올메사탄메독소밀,K-028129
렌벨라정(세벨라머탄산염),세벨라머탄산염,K-028901
펙소스타정 80mg,페북소스타트,K-037666
직듀오서방정 10/1000mg,메트포르민염산염|다파글리플로진프로판디올수화물,K-036551
리피로우젯정10/20mg,아토르바스타틴칼슘|에제티미브,K-052958
클래리정 500mg,클래리트로마이신,K-010931
아토젯정 10/20mg,에제티미브|아토르바스타틴칼슘삼수화물,K-035205
테잘바이정 80/5mg,텔미사르탄|암로디핀베실산염,K-040671
아모잘탄플러스정 5/50/12.5mg,암로디핀캄실산염|클로르탈리돈|로사르탄칼륨,K-041949
로벨리토정 150/10mg,아토르바스타틴칼슘삼수화물|이르베사르탄,K-031918
레나메진캡슐(구형흡착탄),구형흡착탄,K-036480
자디앙듀오정 5/1000mg,엠파글리플로진|메트포르민염산염,K-038184
발시버정 500mg,발라시클로비르염산염1.5수화물,K-028052
동아가바펜틴정 600mg,가바펜틴,K-019299
씬지록신정 125mcg,레보티록신나트륨수화물,K-042262
시로판정(시프로플록사신염산염수화물),시프로플록사신염산염수화물,K-003137
아미썰정 400mg,아미설프리드,K-029200
휴트라돌정,아세트아미노펜|트라마돌염산염,K-022644
아모잘탄큐정5/50/10밀리그램,암로디핀캄실산염|로수바스타틴칼슘|로사르탄칼륨,K-042041
옥사제핀정 600mg,옥스카르바제핀,K-039815
조이렉스정 400mg,아시클로버,K-004669
아토젯정 10/80mg,에제티미브|아토르바스타틴칼슘삼수화물,K-035207
한올아푸록산정 300mg,프로글루메타신말레산염,K-003259
뉴바스트정 80mg,아토르바스타틴스트론튬오수화물,K-024981
트윈콤비정 40/5mg,텔미사르탄|암로디핀베실산염,K-040639
쎄로켈정 200mg,쿠에티아핀푸마르산염,K-010222
보령부스파정 15mg,부스피론염산염,K-026894
헬스피온서방정 150mg,부프로피온염산염,K-040317
로벨리토정 300/20mg,아토르바스타틴칼슘삼수화물|이르베사르탄,K-033025
넥시움정 40mg,에스오메프라졸마그네슘삼수화물,K-010224
듀미록스정 100mg,플루복사민말레이트,K-007646
자누메트정 50/850mg,시타글립틴인산염수화물|메트포르민염산염,K-025367
페브릭정 80mg,페북소스타트,K-025894
아미썰정 200mg,아미설프리드,K-030599
로벨리토정 300/10mg,아토르바스타틴칼슘삼수화물|이르베사르탄,K-033024
포리부틴서방정(트리메부틴말레산염),트리메부틴말레산염,K-003687
덱시드정 480mg,알티옥트산트로메타민염,K-032167
텔미원정 80mg,텔미사르탄,K-027840
쎄로켈서방정 150mg,쿠에티아핀푸마르산염,K-026715
글루코다운오알서방정 750mg,메트포르민염산염,K-023208
듀오웰정 40/10mg,텔미사르탄|로수바스타틴칼슘,K-034569
글리멜엠정 2/500mg,글리메피리드|메트포르민염산염,K-028828
치옥타시드에이취알정 600mg,티옥트산,K-054813
비모보정 500/20mg,나프록센|에스오메프라졸마그네슘삼수화물,K-029345
펜타사서방정 500mg,메살라진,K-006808
글리멜정 2mg,글리메피리드,K-012668
클래리시드엑스엘서방정 500mg,클래리트로마이신,K-008451
안플원서방정 300mg,사르포그렐레이트염산염,K-035209
딜라트렌에스알캡슐 64mg,카르베딜롤과립,K-027187
오구멘틴정 625mg,아목시실린ㆍ클라불란산칼륨,K-003361
데파코트서방정 500mg,디발프로엑스나트륨,K-012447
프라닥사캡슐 110mg,다비가트란에텍실레이트메실산염,K-028122
사이톱신정(시프로플록사신염산염),시프로플록사신염산염,K-002265
트렌탈서방정400(펜톡시필린),펜톡시필린,K-000658
테베텐정 600mg,에프로사르탄메실산염,K-011647
에스케이코스카플러스프로정,로사르탄칼륨|히드로클로로티아지드,K-026694
"글루파정 1,000mg",메트포르민염산염,K-010614
라본디캡슐,라록시펜염산염|콜레칼시페롤농축분말,K-041432
리리카CR서방정 165mg,프레가발린,K-044257
빔스크정 100mg,라코사미드,K-040343
비오라민정 72.2mg/PTP (수출용),토코페롤아세테이트 2배산|히드록소코발라민아세트산염|리보플라빈부티레이트|피리독살포스페이트수화물|푸르설티아민|직타용아스코르브산,K-004168
퍼킨정25-250mg,카르비도파수화물|레보도파,K-003727
대웅푸루나졸정 150mg,플루코나졸,K-018409
트라린정 100mg,설트랄린염산염,K-030091
리피논정 40mg,무수아토르바스타틴칼슘,K-021426
제미메트서방정 50/1000mg,제미글립틴타르타르산염1.5수화물|메트포르민염산염,K-034597
트리렙탈필름코팅정 300mg,옥스카르바제핀,K-010155
피레스코정 600mg,피르페니돈,K-044707
디아미크롱서방정 60mg,글리클라지드,K-027693
자누메트정 50/1000mg,시타글립틴인산염수화물|메트포르민염산염,K-022713
애니펜정 400mg,덱시부프로펜,K-044085
박사르정 6mg,라시디핀,K-018119
콘트라브서방정 90mg/병,부프로피온염산염|날트렉손염산염,K-038855
글리멜정 4mg,글리메피리드,K-023085
케프라정 250mg,레비티라세탐,K-012501
프리스틱서방정 50mg,데스벤라팍신숙신산염일수화물,K-032605
케피람정 1000mg,레비티라세탐,K-030239
투베로정30/5밀리그램,피마사르탄칼륨삼수화물과립|로수바스타틴칼슘,K-040336
투탑스플러스정 80/5/12.5mg,텔미사르탄|암로디핀베실산염|히드로클로로티아지드,K-042118
아모잘탄플러스정 5/100/12.5mg,암로디핀캄실산염|클로르탈리돈|로사르탄칼륨,K-041948
제미메트서방정 50/500mg,제미글립틴타르타르산염1.5수화물|메트포르민염산염,K-037578
케피람정 500mg,레비티라세탐,K-030242
코자르탄플러스에프정(비매품),로사르탄칼륨|히드로클로로티아지드,K-023838
글리틴정(콜린알포세레이트),콜린알포세레이트,K-033880
엘카틴정(아세틸엘카르니틴염산염),아세틸-L-카르니틴염산염,K-010411
에토르정10/40mg/Alu-Alu,에제티미브|아토르바스타틴칼슘삼수화물,K-059526
클자핀정 200mg,클로자핀,K-044852
팩티브정 320mg,제미플록사신메실산염,K-012187
아토젯정 10/40mg,에제티미브|아토르바스타틴칼슘삼수화물,K-035206
피레스파정 200mg,피르페니돈,K-029872
트라스펜정,트라마돌염산염|아세트아미노펜,K-023544
프로비질정 200mg,모다피닐,K-011481
씬지록신정 88mcg,레보티록신나트륨수화물,K-042340
에스케이코스카플러스에프정,로사르탄칼륨|히드로클로로티아지드,K-019700
미라펙스서방정 1.5mg,프라미펙솔염산염일수화물,K-027126
뉴론틴정 600mg,가바펜틴,K-019156
넥시움정 20mg,에스오메프라졸마그네슘삼수화물,K-010225
토비애즈서방정 8mg,페소테로딘푸마르산염,K-024753
파라마셋이알서방정,아세트아미노펜|트라마돌염산염,K-036163
듀오웰정 80/5mg,텔미사르탄|로수바스타틴칼슘,K-034681
온글라이자정 2.5mg,삭사글립틴수화물,K-028074
트라젠타듀오정 2.5/500mg,리나글립틴|메트포르민염산염,K-030307
젤로다정 500mg,카페시타빈,K-010158
딜라트렌에스알정 16mg,카르베딜롤과립,K-051326
글리닙정 400mg,이매티닙메실산염,K-031090
옥시크로린정 400mg,히드록시클로로퀸황산염,K-038212
리피로우젯정10/10mg,아토르바스타틴칼슘|에제티미브,K-052957
바라클정 1mg,엔테카비르,K-030957
글루파정 500mg,메트포르민염산염,K-013105
텔미트렌정 80mg,텔미사르탄,K-028813
레비라정 500mg,레비티라세탐,K-030232
코자르탄플러스프로정(비매품),로사르탄칼륨|히드로클로로티아지드,K-023829
클란자CR정(아세클로페낙)(수출용),아세클로페낙,K-027338
모벨록신정 400mg,목시플록사신염산염,K-032104
베아렌정(애엽95%에탄올연조엑스(20→1)),애엽95%에탄올연조엑스,K-035589
테잘바이정 40/5mg,텔미사르탄|암로디핀베실산염,K-040996
가브스메트정 50/1000mg,빌다글립틴|메트포르민염산염,K-023425
렉사프로정 20mg,에스시탈로프람옥살산염,K-026281
펙소나딘정 180mg,펙소페나딘염산염,K-017522
뉴스타틴티에스정 80/5/10mg,텔미사르탄|암로디핀베실산염|로수바스타틴칼슘,K-043935
케토스테릴정,L-리신아세트산염|L-트레오닌|L-트립토판|L-티로신|L-히스티딘|α-케토-DL-이소류신칼슘|α-케토류신칼슘|α-케토발린칼슘|α-케토페닐알라닌칼슘|α-히드록시-DL-메티오닌칼슘,K-012564
삼진메트포르민정(메트포르민염산염),메트포르민염산염,K-035000
에비스타정 60mg,라록시펜염산염,K-011226
자디앙듀오정 12.5/500mg,엠파글리플로진|메트포르민염산염,K-038185
조피린장용정(설파살라진)(수출용),설파살라진,K-007447
액시마정(독소필린),독소필린,K-010747
슈가메트서방정 5/1000mg,메트포르민염산염|에보글립틴타르타르산염,K-038105
토비애즈서방정 4mg,페소테로딘푸마르산염,K-024752
탐스올서방정 0.4mg,탐스로신염산염,K-051540
루칼로정 2mg,프루칼로프라이드숙신산염,K-045402
텔로스톱플러스정 40/5/5mg,텔미사르탄|암로디핀베실산염|로수바스타틴칼슘,K-043812
카듀엣정 5mg/20mg,아토르바스타틴칼슘삼수화물|암로디핀베실산염,K-016235
아프로벨정 300mg,이르베사르탄,K-020379
심발타캡슐 30mg,둘록세틴염산염,K-021930
신바로정,자오가·우슬·방풍·두충·구척·흑두건조엑스,K-033009
로벨리토정 150/20mg,아토르바스타틴칼슘삼수화물|이르베사르탄,K-031917
코스카정 100mg,로사르탄칼륨,K-023357
세프틸정 250mg,세푸록심악세틸,K-009458
아모잘탄정 5/100mg,로사르탄칼륨|암로디핀캄실산염,K-025469
옥사제핀정 300mg,옥스카르바제핀,K-031934
파라마셋정,트라마돌염산염|아세트아미노펜,K-023804
안플라그정 100mg,사르포그렐레이트염산염,K-007749
울트라스크세미정,아세트아미노펜|트라마돌염산염,K-023599
엔트레스토필름코팅정 100mg,사쿠비트릴·발사르탄나트륨염수화물,K-038722
인베가서방정 3mg,팔리페리돈,K-050265
부로멜장용정(브로멜라인),브로멜라인,K-041293
디맥정30000IU/PTP,농축콜레칼시페롤과립,K-041667
명문아트로다캡슐(디아세레인),디아세레인,K-002539
빔스크정 50mg,라코사미드,K-040342
박사르정 4mg,라시디핀,K-025886
가브스메트정 50/500mg,빌다글립틴|메트포르민염산염,K-029972
글루파정 250mg,메트포르민염산염,K-014733
가브스메트정 50/850mg,빌다글립틴|메트포르민염산염,K-023424
코다론정(아미오다론염산염),아미오다론염산염,K-020251
코바로살탄정 160/12.5mg,발사르탄|히드로클로로티아지드,K-028360
유한피라진아미드정 500mg,피라진아미드,K-000465
오로살탄정 10/160mg,발사르탄|암로디핀오로트산염,K-031543
네비로스타정 5/20mg,네비보롤염산염|로수바스타틴칼슘,K-048531
글루코바이정 100mg,아카보즈,K-007820
리피토정 80mg,아토르바스타틴칼슘삼수화물,K-022465
올로스타정 20/10mg,로수바스타틴칼슘|올메사탄메독소밀,K-031428
듀오웰정 40/5mg,텔미사르탄|로수바스타틴칼슘,K-034680
올로스타정 20/20mg,로수바스타틴칼슘|올메사탄메독소밀,K-032577
모니플루정 350mg,모니플루메이트,K-014280
스트라테라캡슐 25mg,아토목세틴염산염,K-019846
리큅피디정 4mg,로피니롤염산염,K-023719
엑스원알정 5/160/10mg,암로디핀베실산염|발사르탄|로수바스타틴칼슘,K-046429
일성이솦틴정 80mg,베라파밀염산염,K-004633
피케이멜즈정(아만타딘황산염),아만타딘황산염,K-002005
엔트레스토필름코팅정 200mg,사쿠비트릴·발사르탄나트륨염수화물,K-038723
레믹실오디티정 30mg,미르타자핀,K-023405
옥시크로린정 300mg,히드록시클로로퀸황산염,K-038262
엑스원알정 5/80/5mg,암로디핀베실산염|발사르탄|로수바스타틴칼슘,K-046427
동아니세틸정(아세틸-L-카르니틴염산염),아세틸-L-카르니틴염산염,K-004489
카멘정 5mg,카르비마졸,K-014729
아크로신정(아세클로페낙),아세클로페낙,K-015257
엑스원에이정 5/160/10mg,암로디핀베실산염|발사르탄|아토르바스타틴칼슘수화물,K-052621
스타레보필름코팅정 125/31.25/200mg,엔타카폰|레보도파|카르비도파수화물,K-026900
쎄로켈서방정 50mg,쿠에티아핀푸마르산염,K-022705
엑스원에이정 5/80/10mg,암로디핀베실산염|발사르탄|아토르바스타틴칼슘수화물,K-052619
글리멜엠정 1/250mg,글리메피리드|메트포르민염산염,K-028864
에나프린정 10mg,에날라프릴말레산염,K-002159
글립타이드정 200mg,설글리코타이드,K-014317
베타록정(메토프롤롤타르타르산염),메토프롤롤타르타르산염,K-000749
트윈스타정 40/5mg,텔미사르탄|암로디핀베실산염,K-027733
씨투스정 50mg,프란루카스트수화물,K-038576
아지탑스정 250mg,아지트로마이신수화물,K-024397
대화로자탄정(로사르탄칼륨),로사르탄칼륨,K-035291
마도파정125,레보도파|염산벤세라짓,K-019860
레복사신정 100mg,레보플록사신수화물,K-012080
제라픽정 100mg,라미부딘,K-028773
테그레톨정 200mg,카르바마제핀,K-013833
리포덱스정 450mg (수출용),리팜피신,K-000818
설포라제캡슐(아세브로필린),아세브로필린,K-007383
환인설트랄린정 50mg,설트랄린염산염,K-037566
리스펜정 2mg,리스페리돈,K-013007
대웅프리미돈정,프리미돈,K-000654
아프로벨정 150mg,이르베사르탄,K-020378
세티정(토피라메이트),토피라메이트,K-018641
미라펙스정 1.0mg,프라미펙솔염산염일수화물,K-016251
동화록소닌정(록소프로펜나트륨수화물),록소프로펜나트륨수화물,K-004119
팜빅스정(팜시클로비르),팜시클로비르,K-014279
로바젯정 10/5mg,로수바스타틴칼슘|에제티미브,K-038460
프리스틱서방정 100mg,데스벤라팍신숙신산염일수화물,K-032606
자이데나정200mg/PTP (수출용),유데나필,K-016554
뉴바스트정 40mg,아토르바스타틴스트론튬오수화물,K-024980
엑스원알정 5/160/5mg,암로디핀베실산염|발사르탄|로수바스타틴칼슘,K-046430
베실살탄정 5/50mg,암로디핀베실산염|로사르탄칼륨,K-036171
대웅바이오록소프로펜정(록소프로펜나트륨수화물),록소프로펜나트륨수화물,K-033353
슈퍼피린캡슐 75/75mg,아스피린|클로피도그렐황산염,K-042835
에토르정10/20mg/Alu-Alu,에제티미브|아토르바스타틴칼슘삼수화물,K-059525
엔트레스토필름코팅정 50mg,사쿠비트릴·발사르탄나트륨염수화물,K-038724
셀트라정 50mg,설트랄린염산염,K-009452
루칼로정 1mg,프루칼로프라이드숙신산염,K-045403
구구탐스캡슐 5mg/PTP,타다라필|탐스로신염산염,K-040609
딜라트렌에스알캡슐 32mg,카르베딜롤과립,K-030064
아모잘탄정 5/50mg,로사르탄칼륨|암로디핀캄실산염,K-025470
피레스코정 400mg,피르페니돈,K-044706
보령부스파정 10mg,부스피론염산염,K-001901
리셀톤캡슐1.5mg(리바스티그민타르타르산염),리바스티그민타르타르산염,K-036798
에스트렌정(애엽95%에탄올연조엑스(20→1)),애엽95%에탄올연조엑스,K-035416
리단정(탄산리튬),탄산리튬,K-000212
아노렉스캡슐 25mg,단트롤렌나트륨수화물,K-008234
썰타목스정 500mg,아목시실린수화물|설박탐피복실,K-010281
아모잘탄플러스정 5/100/25mg,암로디핀캄실산염|클로르탈리돈|로사르탄칼륨,K-041947
렉사프로정 15mg,에스시탈로프람옥살산염,K-029871
베실살탄정 5/100mg,암로디핀베실산염|로사르탄칼륨,K-036170
우루사정 200mg,우르소데옥시콜산,K-002650
아리셉트에비스정 5mg,도네페질염산염,K-023336
비비안트정 20mg,바제독시펜아세테이트,K-029159
엑스포지정 5/160mg,발사르탄|암로디핀베실산염,K-020877
리팜핀정 600mg,리팜피신,K-001027
투베로정60/5밀리그램,피마사르탄칼륨삼수화물과립|로수바스타틴칼슘,K-040333
우루사정 300mg,우루소데옥시콜산,K-022176
포타스틴오디정(비매품),베포타스틴칼슘이수화물,K-027129
리노에바스텔캡슐(비매품),에바스틴구형과립|수도에페드린염산염 과립,K-010293
마이폴틱장용정 180mg,미코페놀레이트나트륨,K-013829
디오반필름코팅정 320mg,발사르탄,K-020834
루키오츄정4밀리그램(몬테루카스트나트륨),몬테루카스트나트륨,K-039135
케이콘틴서방정(염화칼륨),염화칼륨,K-009002
로수암핀정 20/5mg,로수바스타틴칼슘|암로디핀베실산염,K-044529
포슬로정(초산칼슘),초산칼슘,K-006940
큐라실정 125mg,테르비나핀염산염,K-012775
클래리정 250mg,클래리트로마이신,K-007325
테바라모트리진츄어블정 100mg,라모트리진,K-029426
아사콜디알정 400mg,메살라민,K-014251
딜라트렌에스알캡슐 16mg,카르베딜롤과립,K-030063
듀카로정30/5/5밀리그램,피마사르탄칼륨삼수화물과립|암로디핀베실산염|로수바스타틴칼슘,K-049590
악토넬정 35mg,리세드론산나트륨,K-011648
소말겐정(탈니플루메이트),탈니플루메이트,K-001438
아모잘탄큐정 5/50/20mg,암로디핀캄실산염|로수바스타틴칼슘|로사르탄칼륨,K-042045
토파맥스정 100mg,토피라메이트,K-052715
리셀톤캡슐 4.5mg,리바스티그민타르타르산염,K-039048
리넥신서방정,실로스타졸|은행엽건조엑스,K-051005
스타레보필름코팅정 100/25/200mg,엔타카폰|레보도파|카르비도파수화물,K-016223
실로스탄씨알정 200mg,실로스타졸,K-030820
모사프리엠정(모사프리드시트르산염수화물),모사프리드시트르산염수화물,K-048127
리피논정 10mg,무수아토르바스타틴칼슘,K-023092
멜로디구강붕해정 15mg,멜록시캄,K-031625
웰부트린엑스엘정 300mg,부프로피온염산염,K-020582
데소닉정 0.1mg,데스모프레신아세트산염,K-033069
란스톤엘에프디티정 15mg,란소프라졸,K-018109
마이암부톨제피정 400mg,에탐부톨염산염,K-000080
딜테란서방캡슐 180mg,딜티아젬아시딕폴리머콤플렉스,K-003705
헤르벤서방정 90mg,딜티아젬염산염,K-001615
바로살탄정 160mg,발사르탄,K-028081
로디엔정 5mg,에스암로디핀니코틴산염,K-027188
칸택스정(말로틸레이트),말로틸레이트,K-001676
바라크루드정 0.5mg,엔테카비르,K-019161
유레민정 0.1mg,데스모프레신아세트산염,K-017713
리피논정 20mg,무수아토르바스타틴칼슘,K-021118
클자핀정 100mg,클로자핀,K-032012
오잘탄정 100mg,로사르탄칼륨,K-017511
투탑스플러스정 40/5/12.5mg,텔미사르탄|암로디핀베실산염|히드로클로로티아지드,K-042119
이연니모디핀정,니모디핀,K-003225
스타레보필름코팅정 150/37.5/200mg,엔타카폰|레보도파|카르비도파수화물,K-016224
리큅피디정 2mg,로피니롤염산염,K-023718
베리온서방정(베포타스틴살리실산염),베포타스틴살리실산염,K-044332
탈푸린정(탈니플루메이트),탈니플루메이트,K-012137
자이렙엑스엘서방정(플루바스타틴나트륨),플루바스타틴나트륨,K-018224
후로스판디정(플로로글루시놀),플로로글루시놀,K-038245
알렌맥스정(알렌드론산나트륨),알렌드론산나트륨,K-015279
조프란자이디스정 8mg,온단세트론,K-008445
글리멜정 3mg,글리메피리드,K-023084
인베가서방정 9mg,팔리페리돈,K-050264
슈피렌정(애엽95%에탄올연조엑스(20→1)),애엽95%에탄올 연조엑스,K-035879
파라마셋이알세미서방정,아세트아미노펜|트라마돌염산염,K-037366
환인그란닥신정(토피소팜),토피소팜,K-005073
리스펜정 3mg,리스페리돈,K-017008
알렌맥스플러스디정,알렌드론산나트륨삼수화물|콜레칼시페롤농축분말,K-029206
심바스트정 40mg,심바스타틴,K-015258
슈글렛정 50mg,이프라글리플로진L-프롤린,K-034056
유크라정 375mg,아목시실린수화물|묽은클라불란산칼륨,K-011566
암로스핀정(암로디핀베실산염),암로디핀베실산염,K-023252
트라린정 50mg,설트랄린염산염,K-011695
셉트린정,트리메토프림|설파메톡사졸,K-000114
에토르정10/10mg/Alu-Alu,에제티미브|아토르바스타틴칼슘삼수화물,K-059524
오젝스정(토수플록사신토실산염수화물),토수플록사신토실산염수화물,K-017312
구주스피로닥톤정(스피로노락톤),스피로노락톤,K-000317
레보펙신정 250mg,레보플록사신수화물,K-022377
올로스타정 20/5mg,로수바스타틴칼슘|올메사탄메독소밀,K-032668
텔미누보정 40/5mg,텔미사르탄|에스암로디핀베실산염이수화물,K-030690
레일라정,당귀·모과·방풍·속단·오가피·우슬·위령선·육계·진교·천궁·천마·홍화25%에탄올연조엑스,K-029451
씬지로이드정 0.15mg,레보티록신나트륨수화물,K-017258
아리셉트에비스정 10mg,도네페질염산염,K-023337
로자살탄정 100mg,로사르탄칼륨,K-020401
디오반필름코팅정 80mg,발사르탄,K-011252
에스로틴정 20mg,로수바스타틴칼슘,K-027093
슈다페드정(슈도에페드린염산염),슈도에페드린염산염,K-000609
옥시크로린정 200mg,히드록시클로로퀸황산염,K-003532
트리돌솔루블정 50mg,트라마돌염산염,K-012416
디맥정7000IU/PTP,농축콜레칼시페롤과립,K-041666
비아그라정50mg/PTP,실데나필시트르산염,K-016230
케파신캡슐 500mg,세팔렉신수화물,K-002208
레비라정 250mg,레비티라세탐,K-030233
루키오츄정5밀리그램(몬테루카스트나트륨),몬테루카스트나트륨,K-039137
아세타졸정(아세타졸아미드),아세타졸아미드,K-033632
안드로쿨정(시프로테론아세테이트),시프로테론아세테이트,K-022978
무코스타정(레바미피드)(비매품),레바미피드,K-003544
리피토정 40mg,아토르바스타틴칼슘삼수화물,K-016233
포시가정 10mg,다파글리플로진프로판디올수화물,K-032190
스카드정(암로디핀말레산염),암로디핀말레산염,K-015190
조인스정 200mg,위령선·괄루근·하고초30%에탄올건조엑스,K-006563
트리레보정 75/18.75/200mg,레보도파|카르비도파수화물|엔타카폰,K-037298
유레민정 0.2mg,데스모프레신아세트산염,K-017714
엔비젯정10/40mg 43.4mg/PTP,에제티미브|아토르바스타틴칼슘삼수화물,K-059586
오로살탄정 5/160mg,발사르탄|암로디핀오로트산염,K-031545
듀비에정 0.5mg,로베글리타존황산염,K-031357
에스케이코스카플러스정,로사르탄칼륨|히드로클로로티아지드,K-019699
엑스원알정 5/80/10mg,암로디핀베실산염|발사르탄|로수바스타틴칼슘,K-046428
독세정3밀리그램(독세핀염산염),독세핀염산염,K-038712
칸데모어정 16mg,칸데사르탄실렉세틸,K-025728
투탑스플러스정 80/10/12.5mg,텔미사르탄|암로디핀베실산염|히드로클로로티아지드,K-042120
보령메이액트정 100mg,세프디토렌피복실,K-005068
멀타핀정 15mg,미르타자핀,K-029768
크래밍정(수출명:MigralTab.),에르고타민타르타르산염|카페인무수물,K-005850
퍼킨씨알정 50-200mg,카르비도파수화물|레보도파,K-049428
노바스크정 10mg,암로디핀베실산염,K-025000
뮤리나제정(스트렙토키나제·스트렙토도르나제),스트렙토키나제ㆍ스트렙토도르나제,K-031998
아빌리파이정 5mg,아리피프라졸,K-012246
토르셈정 10mg,토르세미드,K-019963
모사콜린정(모사프리드시트르산염이수화물),모사프리드시트르산염이수화물,K-034208
씬지록신정 25mcg,레보티록신나트륨수화물,K-042269
씬지로이드정 0.2mg,레보티록신나트륨수화물,K-044761
온글라이자정 5mg,삭사글립틴수화물,K-028073
데놀정(비스무트시트르산염칼륨),비스무트시트르산염칼륨,K-012207
카디아젬정 30mg,딜티아젬염산염,K-001906
칸타벨정 16/10mg,칸데사르탄실렉세틸|암로디핀베실산염,K-040099
지트람엑스엘서방정 150mg,트라마돌염산염,K-007567
대화와르파린나트륨정,와르파린나트륨,K-001732
디클렉틴장용정 10mg/병,독실아민숙신산염|피리독신염산염,K-037933
딜라트렌정 3.125mg,카르베딜롤,K-028588
독사존엑스엘서방정 4mg,독사조신메실산염,K-017525
자디앙정 25mg,엠파글리플로진,K-033830
트루패스정 4mg,실로도신,K-033026
본모어디정,바제독시펜아세테이트|콜레칼시페롤농축분말,K-044496
웰정(염산부프로피온)(수출명:디쁘레오정),부프로피온염산염,K-012266
캘코트정 6mg,데플라자코트,K-006273
리스펜정 1mg,리스페리돈,K-014587
오메드정(오메프라졸)(수출용),오메프라졸,K-004285
로나센정 8mg,블로난세린,K-036784
악토넬정 5mg,리세드론산나트륨,K-008899
엑스원에이정 5/160/20mg,암로디핀베실산염|발사르탄|아토르바스타틴칼슘수화물,K-052620
베실살탄정 10/50mg,암로디핀베실산염|로사르탄칼륨,K-036172
이노베론필름코팅정 200mg,루피나미드,K-026545
페브릭정 40mg,페북소스타트,K-031214
파라마셋세미정,트라마돌염산염|아세트아미노펜,K-023807
아모잘탄큐정 5/50/5mg,암로디핀캄실산염|로수바스타틴칼슘|로사르탄칼륨,K-042044
자이프렉사정 2.5mg,올란자핀,K-012420
오르필서방정 300mg,발프로산나트륨,K-003105
프로베라정 5mg,메드록시프로게스테론아세테이트,K-016193
자디앙정 10mg,엠파글리플로진,K-033829
페인리스세미정,트라마돌염산염|아세트아미노펜,K-023594
오르필서방정 150mg,발프로산나트륨,K-007146
리큅피디정 8mg,로피니롤염산염,K-023720
칸데모어정 8mg,칸데사르탄실렉세틸,K-024162
아카브정30/10밀리그램,피마사르탄칼륨삼수화물과립|아토르바스타틴칼슘삼수화물,K-051672
미가드정 2.5mg,프로바트립탄숙신산염일수화물,K-025691
인베가서방정 6mg,팔리페리돈,K-050266
유니메톤정(나부메톤)(수출명:필유니메톤정),나부메톤,K-003611
안플원정 100mg,사르포그렐레이트염산염,K-044818
미라펙스서방정 0.75mg,프라미펙솔염산염일수화물,K-027127
헵큐어정 10mg,아데포비어디피복실,K-027436
코자플러스정,로사르탄칼륨|히드로클로로티아지드,K-025033
레비아정(날트렉손염산염),날트렉손염산염,K-006169
다오닐정5mg(수출용),글리벤클라미드,K-000118
로나센정 4mg,블로난세린,K-055721
후릭스정(푸로세미드),푸로세미드,K-000168
에도파벨정 1mg,라사길린메실산염,K-049277
콩코르정 2.5mg,비소프롤롤푸마르산염,K-011250
베시보정(베시포비르디피복실말레산염),베시포비르디피복실말레산염,K-041657
글리멜정 1mg,글리메피리드,K-014084
뮤코라제정(스트렙토키나제.스트렙토도르나제분말),스트렙토키나제ㆍ스트렙토도르나제분말,K-003868
케토라신정(케토롤락트로메타민)500정,케토롤락트로메타민,K-004913
몰시톤정 2mg,몰시도민,K-005208
에소듀오정 20/800mg,에스오메프라졸마그네슘삼수화물|탄산수소나트륨,K-043780
마이렙틱엔장용정 180mg,미코페놀레이트나트륨,K-040622
플리바스정 50mg,나프토피딜,K-028424
셀레베타서방정 50mg,미라베그론,K-051115
케피람정 250mg,레비티라세탐,K-030240
뉴토르정 10mg,아토르바스타틴칼슘삼수화물,K-031365
오잘탄정 50mg,로사르탄칼륨,K-017506
아토젯정 10/10mg,에제티미브|아토르바스타틴칼슘삼수화물,K-035208
엑스원에이정 5/80/20mg,암로디핀베실산염|발사르탄|아토르바스타틴칼슘수화물,K-052618
데파코트서방정 250mg,디발프로엑스나트륨,K-018141
유리텍정(리루졸),리루졸,K-034460
리버힐정(비페닐디메칠디카르복실레이트),비페닐디메틸디카르복실레이트,K-011524
심바스트씨알정(심바스타틴),심바스타틴,K-021904
플리바스정 75mg,나프토피딜,K-028423
몬테리진츄정,몬테루카스트나트륨|레보세티리진염산염,K-043670
아리셉트정 5mg,도네페질염산염,K-008834
레오다제정(스트렙토키나제.스트렙토도르나제),스트렙토키나제ㆍ스트렙토도르나제,K-005430
가브스정 50mg,빌다글립틴,K-022846
프레미나정 0.3mg,결합형에스트로겐,K-022318
듀오논정 10/20mg,로수바스타틴칼슘|에제티미브,K-037492
미니린멜트설하정 60mcg,데스모프레신아세트산염,K-020966
현대제스트릴정 10mg,리시노프릴,K-003157
글레딘정(글리메피리드)(수출명:GLITRID),글리메피리드,K-014853
라믹탈정 50mg,라모트리진,K-054859
아카브정60/20밀리그램,피마사르탄칼륨삼수화물과립|아토르바스타틴칼슘삼수화물,K-051669
일성이솦틴정 40mg,베라파밀염산염,K-004632
투게논정 10/16mg,로수바스타틴칼슘|칸데사르탄실렉세틸,K-041691
아빌리파이정 2mg,아리피프라졸,K-024468
디아미크롱서방정(글리클라지드),글리클라지드,K-023957
이미그란정 50mg,수마트립탄숙신산염,K-005949
클로피정(클로피도그렐황산수소염),클로피도그렐황산수소염,K-016804
베이슨정 0.3mg,보글리보스,K-005091
코자르탄플러스정,로사르탄칼륨|히드로클로로티아지드,K-023779
릭시아나정 30mg,에독사반토실산염수화물,K-037284
싸이메트정 300mg,시메티딘,K-000576
시나롱정 10mg,실니디핀,K-007060
미라펙스정 0.5mg,프라미펙솔염산염일수화물,K-016250
유턴정 16mg,베타히스틴염산염,K-042014
바이토린정 10/20,심바스타틴|에제티미브,K-018188
에스원엠프정 20mg,에스오메프라졸마그네슘삼수화물,K-033208
자이데나정75mg/PTP,유데나필,K-031999
세비카에이치씨티정 5/20/12.5mg,올메사르탄메독소밀|암로디핀베실산염|히드로클로로티아지드,K-030005
환인아캄프로세이트정(아캄프로세이트칼슘),아캄프로세이트칼슘,K-017057
씨판정(수출명:DANCETATab.CERTIPANTab.),세티리진염산염|슈도에페드린염산염,K-013684
엑소페린정(에페리손염산염),에페리손염산염,K-009459
디오반필름코팅정 160mg,발사르탄,K-011253
엔비젯정10/20mg 21.7mg/PTP,에제티미브|아토르바스타틴칼슘삼수화물,K-059585
부광티모닐서방정 300mg,카르바마제핀,K-007143
미니린멜트설하정 120mcg,데스모프레신아세트산염,K-020967
리넥신정,실로스타졸|은행엽건조엑스,K-026818
아레이정 10mg,레프루노미드,K-024057
트리테이스정 5mg,히드록시프로필메틸셀룰로오스로제피한라미프릴과립,K-003708
브릴린타정 60mg,티카그렐러,K-040215
프레미나정 0.625mg,결합형에스트로겐,K-022319
울트라셋이알세미서방정,아세트아미노펜|트라마돌염산염,K-029725
명인벤즈트로핀메실산염정 2mg,벤즈트로핀메실산염,K-001460
보령에바스텔정(에바스틴)(비매품),에바스틴,K-007061
록세미신정(록시트로마이신),록시트로마이신,K-016394
에나폰정 10mg,아미트리프틸린염산염,K-000122
휴온스시메티딘정 200mg,시메티딘,K-015530
브릴린타정 90mg,티카그렐러,K-028641
이소켓서방정 40mg,이소소르비드이질산염,K-013905
가스터디정 20mg,파모티딘,K-011327
셀메텍플러스정 20/12.5mg,올메사르탄메독소밀|히드로클로로티아지드,K-037086
브린텔릭스정 5mg,보티옥세틴브롬화수소산염,K-033876
엔테카벨구강붕해정 0.5mg,엔테카비르,K-035766
뉴스타틴티에스정 40/5/10mg,텔미사르탄|암로디핀베실산염|로수바스타틴칼슘,K-043934
자이로릭정(알로푸리놀),알로푸리놀,K-000115
글리닙정 200mg,이매티닙메실산염,K-031089
뉴바스트정 20mg,아토르바스타틴스트론튬오수화물,K-024979
테넬리아정 20mg,테네리글립틴브롬화수소산염수화물,K-033046
레바트정(레바미피드),레바미피드,K-014224
올멕정 20mg,올메사탄메독소밀,K-028130
명인클로르프로마진염산염정 50mg,클로르프로마진염산염,K-001464
투베로정30/10밀리그램,피마사르탄칼륨삼수화물과립|로수바스타틴칼슘,K-040335
스타레보필름코팅정 50/12.5/200mg,엔타카폰|레보도파|카르비도파수화물,K-016222
오로디핀정(암로디핀오로트산염),암로디핀오로트산염,K-016550
부광메티마졸정,메티마졸,K-000488
휴온스탈니플루메이트정,탈니플루메이트,K-007381
설피딘정 200mg,설피리드,K-007055
스티아론정(티아넵틴나트륨),티아넵틴나트륨,K-028650
에이스타정,레바미피드,K-015759
휴로펜정(록소프로펜나트륨수화물),록소프로펜나트륨수화물,K-015524
자이데나정100mg/PTP,유데나필,K-016555
시알리스정5mg/PTP,타다라필,K-024143
글루코바이정 50mg,아카보즈,K-007821
나제아오디정 0.1mg,라모세트론염산염,K-008501
하이네콜정(베타네콜염화물),베타네콜염화물,K-013020
보령모사프리드시트르산염수화물정,모사프리드시트르산염수화물,K-022604
로바젯정 10/10mg,로수바스타틴칼슘|에제티미브,K-038459
제미글로정 50mg,제미글립틴타르타르산염1.5수화물,K-029760
에빅사정(메만틴염산염)(비매품),메만틴염산염,K-013900
딜라트렌정 25mg,카르베딜롤,K-004478
라믹탈츄어블정 5mg,라모트리진,K-018949
뉴젠팜바클로펜정 10mg,바클로펜,K-007955
바라클정 0.5mg,엔테카비르,K-030936
듀미록스정 50mg,플루복사민말레이트,K-007645
클리마토플란정 25mg/PTP,이그나시아 trituration D3|승마 trituration D2|세피아 trituration D2|생귀나리아 trituration D6,K-023248
미라벡서방정 50mg,미라베그론,K-051116
타모프렉스정 20mg,타목시펜시트르산염,K-004835
투게논정 10/8mg,로수바스타틴칼슘|칸데사르탄실렉세틸,K-041692
리바로정 4mg,피타바스타틴칼슘,K-029667
모푸렌정(모사프리드시트르산염),모사프리드시트르산염,K-020665
세크로정(아세클로페낙)(수출용),아세클로페낙,K-013536
콩브럭정 10mg,비소프롤롤푸마르산염,K-038152
후로목스정 100mg,세프카펜피복실염산염수화물,K-016645
부광켈론정(베탁솔롤염산염),베탁솔롤염산염,K-001715
네비레트정(네비보롤염산염),네비보롤염산염,K-019867
크레로우정 10mg,로수바스타틴칼슘,K-047487
치옥타시드정 200mg,티옥트산,K-007145
온세트론정(염산온단세트론),온단세트론염산염수화물,K-011705
듀오논정 10/5mg,로수바스타틴칼슘|에제티미브,K-037490
레브로콜정(레보드로프로피진),레보드로프로피진,K-023411
사미온정 30mg,니세르골린,K-006129
미드론정(염산미도드린),미도드린염산염,K-004336
프렉스정(바크로펜),바클로펜,K-003102
에피언트정 10mg,프라수그렐염산염,K-027688
트리테이스프로텍트정(라미프릴),히드록시프로필메틸셀룰로오스로제피한라미프릴과립,K-016912
파이콤파필름코팅정 4mg,페람파넬,K-036954
듀카브정60/10밀리그램,피마사르탄칼륨삼수화물과립|암로디핀베실산염,K-039150
피타로우정 2mg,피타바스타틴칼슘,K-028468
씬지로이드정 0.075mg,레보티록신나트륨수화물,K-040339
자이프렉사자이디스확산정 10mg,미세올란자핀,K-018114
카나쿨린정(칼리디노게나제),칼리디노게나제,K-024003
디아미크롱정(글리클라지드),글리클라지드,K-006274
로바젯정 10/20mg,로수바스타틴칼슘|에제티미브,K-038461
명인할로페리돌정 1.5mg,할로페리돌,K-001451
무노발정 5mg,펠로디핀,K-003049
노바스크정 5mg,암로디핀베실산염,K-019861
토파맥스정 25mg,토피라메이트,K-052716
파모콤푸츄정 800mg/PTP,파모티딘|침강탄산칼슘|수산화마그네슘,K-013543
소룡정 500mg/PTP,마황|작약|건강|감초|계지|세신|오미자|반하,K-034110
작감정 500mg/PTP,작약감초탕연조엑스,K-011084
경남비타민씨정 1031mg/PTP,아스코르브산97%과립,K-025854
바이탈씨에프정 515.5mg/PTP,아스코르브산과립97%|리보플라빈부티레이트|피리독신염산염|토코페롤아세테이트 2배산,K-005556
피로펜정 300mg/PTP,아세트아미노펜|클로르족사존,K-012758
타세놀이알서방정(아세트아미노펜),아세트아미노펜,K-011846
유한비타민씨정1000mg/PTP,아스코르브산과립97%,K-010446
크린탈정 500mg/PTP,아세트아미노펜,K-017040
타이레놀정500mg,아세트아미노펜,K-004378
트라몰8시간서방정 650mg,아세트아미노펜,K-006977
글리돈정 350mg/PTP,작약감초탕건조엑스|감초|작약,K-037029
미놀에프트로키 12.5mg/PTP,dl-메틸에페드린염산염|노스카핀|구아야콜설폰산칼륨|세틸피리디늄염화물수화물|DL-메틸에페드린염산염,K-029066
오라비텐정 50mg/PTP,피리독신염산염|d-비오틴|시아노코발라민|토코페롤아세테이트 2배산|폴산|벤포티아민|니코틴산아미드|판토텐산칼슘|산화아연|아스코르브산과립|우르소데옥시콜산|이노시톨|리보플라빈|콜린타르타르산염|셀레늄함유건조효모,K-037446
쿨넥신캡슐 710mg/PTP,금은화|연교|두시|우방자|박하|길경|감초|담죽엽|형개|영양각|이상 건조엑스로서,K-012212
세가톤트로키 1.5mg/PTP,염화세칠피리디늄,K-000372
비타콤비500정 515.46mg,아스코르브산과립|토코페롤아세테이트 2배산|폴산|티아민질산염|리보플라빈|니코틴산아미드|피리독신염산염|시아노코발라민|판토텐산칼슘|황산아연수화물,K-014409
애드칼정,락트산칼슘수화물|글루콘산칼슘수화물|침강탄산칼슘|건조에르고칼시페롤,K-002596
아로나민골드정 72.2mg/PTP (수출용),푸르설티아민|리보플라빈부티레이트|피리독살포스페이트수화물|히드록소코발라민아세트산염|아스코르브산|토코페롤아세테이트 2배산,K-000112
부루펜정 400mg,이부프로펜,K-001029
에페젠정 100mg/병,에페드린염산염|카페인무수물|아세트아미노펜,K-041267
하드칼츄어블정,탄산칼슘|농축콜레칼시페롤과립,K-011845
젤콤정 500mg/PTP,플루벤다졸,K-002160
모가프텐트로키 8.75mg/PTP,플루르비프로펜,K-044108
엘도브론정(에르도스테인),에르도스테인,K-044395
엘뮤코정(에르도스테인),에르도스테인,K-045102
칼디쓰리정,시트르산칼슘수화물|농축콜레칼시페롤,K-042202
아페린씨정 200mg/병,에페드린염산염|카페인무수물|아세트아미노펜,K-032900
아니스펜8시간이알서방정(아세트아미노펜),아세트아미노펜,K-040998
구아내정 10mg/PTP,리보플라빈부티레이트|피리독신염산염|제피아스코르브산|L-시스테인|니코틴산아미드|판토텐산칼슘|비오틴|의이인엑스,K-024584
태극나렉신정(나프록센나트륨)(수출명:NAPRONEWTABLET),나프록센나트륨,K-007843
세토펜이알서방정500정,아세트아미노펜,K-011613
이부페노정 200mg/PTP,감초|육계|작약|생강|이부프로펜,K-043689
펜잘이알서방정(아세트아미노펜),아세트아미노펜,K-032083
타이레놀이알서방정(아세트아미노펜)(수출용),아세트아미노펜,K-005886
칼디쓰리플러스정,시트르산칼슘수화물|농축콜레칼시페롤,K-043499
슈메디펜8시간이알서방정650mg,아세트아미노펜,K-045103
클록펜정 300mg/PTP,아세트아미노펜|클로르족사존,K-013470
화이투벤씨플러스캡슐 200mg/PTP,아세트아미노펜|클로르페니라민말레산염|dl-메틸에페드린염산염|클로페라스틴염산염|카페인무수물|티아민질산염|리보플라빈|아스코르브산,K-030518
샤이닝정 500mg/PTP,아세트아미노펜|부틸스코폴라민브롬화물,K-008868
리렉스펜정 300mg/PTP,아세트아미노펜|클로르족사존,K-012081
암씨롱큐정 300mg/PTP,아세트아미노펜|에텐자미드,K-026093
요신정 416.7mg/PTP,지황|당귀|목통|황금|택사|차전자|감초|치자|용담|육계|생강|대황|마황|연교,K-044458
콜바스타에프정 500mg/PTP,아세트아미노펜|수도에페드린염산염|클로르페니라민말레산염,K-013592
베스타제포르테정 15mg/PTP,비오디아스타제1000|리파제AP6|뉴라제,K-002169
디펜코정 500mg/PTP,아세트아미노펜|슈도에페드린염산염|클로르페니라민말레산염,K-013474
우먼스타이레놀정 500mg/PTP,아세트아미노펜|파마브롬,K-012249
무스판정 500mg/PTP,부틸스코폴라민브롬화물|아세트아미노펜,K-005849
타세놀정500mg/PTP,아세트아미노펜,K-036982
에카린에이정 200mg/병,에페드린염산염|카페인무수물|아세트아미노펜,K-029980
젠텔정400mg/PTP,알벤다졸,K-002074
미다펜정 300mg/PTP,아세트아미노펜|클로르족사존,K-010955
콘택골드캡슐 10mg/PTP,클로르페니라민말레산염|벨라돈나총알칼로이드|페닐레프린염산염,K-019553
벤티브정 300mg/PTP,벤포티아민|피리독신염산염,K-050539
펜콜정 50mg/병,아세트아미노펜|에페드린염산염|카페인무수물,K-031178
리렉사정 300mg/PTP,클로르족사존|아세트아미노펜,K-017587
원더칼-디츄어블정,콜레칼시페롤농축분말|구연산칼슘,K-026993
,,K-013326
복합탈시드츄어블정 259mg/PTP,히드로탈시트|글루타민|수용성아줄렌,K-008900
모아코정 500mg/PTP,아세트아미노펜|슈도에페드린염산염|클로르페니라민말레산염,K-011617
애니펜정 150mg,덱시부프로펜,K-010528
시노카엔캡슐 0.13mg/PTP,벨라돈나총알카로이드|클로르페니라민말레산염|페닐레프린염산염,K-011015
베노라제정 400mg/PTP,배농산급탕건조엑스,K-000721
마이칼디정,시트르산칼슘수화물|콜레칼시페롤과립|시아노코발라민|폴산,K-025200
나프롱정(나프록센나트륨),나프록센나트륨,K-007317
마그오캡슐500mg/병,산화마그네슘,K-007914
아페린정 25mg/병,에페드린염산염|카페인무수물|아세트아미노펜,K-015537
레가론캡슐140(카르두스마리아누스엑스산),밀크시슬건조엑스산,K-007144
스카이정 10mg/PTP,부틸스코폴라민브롬화물|아세트아미노펜,K-010944
아세린정 25mg/병,에페드린염산염|카페인무수물|아세트아미노펜,K-031179
브이멜라인장용정(브로멜라인),브로멜라인,K-050105
파이네신캡슐 490mg/PTP,은교산건조엑스,K-011546
알마겔정(알마게이트)(수출명:유한가스트라겔정),알마게이트,K-001866
베니톨정(미세정제플라보노이드분획물),미세정제플라보노이드분획물,K-004744
임팩타민파워에이플러스정 50mg/병,벤포티아민|리보플라빈|니코틴산아미드|판토텐산칼슘|피리독신염산염|시아노코발라민1000배산|콜린타르타르산염|이노시톨|비오틴|폴산|베타카로틴20%과립|농축콜레칼시페롤분말|경질산화마그네슘|무수인산수소칼슘|산화아연,K-037043
스카풀라정 25mg/PTP,클로르족사존|에텐자미드|카페인수화물,K-028623
오메코정 500mg/PTP,아세트아미노펜|클로르페니라민말레산염|슈도에페드린염산염,K-008902
바스크롱캡슐 46.67mg/PTP,노스카핀|dl-메틸에페드린염산염|카르비녹사민말레산염|구아야콜설폰산칼륨|덱스트로메토르판브롬화수소산염수화물,K-010530
엘도테인정(에르도스테인),에르도스테인,K-050144
이부플러스생정 200mg/PTP,이부프로펜|감초|육계|작약|생강,K-029251
알캔다졸정 400mg/PTP,알벤다졸,K-052637
센티렉스실버어드밴스정 518.55mg/병,,K-037500
타스나정 500mg/PTP,탄산수소나트륨,K-009852
사리돈에이정 250mg/PTP,아세트아미노펜|이소프로필안티피린|카페인무수물,K-019843
슈리머정 200mg/병,에페드린염산염|카페인무수물|아세트아미노펜,K-038622
오큐바이트프리저비전정 200mg/병,토코페롤아세테이트 2배산|β-카로틴10%|아스코르브산 과립90%|산화제이구리|산화아연,K-018203
동화엘텐정(에르도스테인),에르도스테인,K-045067
소겐큐정 50mg/PTP,시메티딘|규산알루민산마그네슘|히드로탈시트|탄산수소나트륨,K-052486
기넥신에프정240mg/병,은행엽건조엑스,K-053357
아겐에프정(빌베리건조엑스),빌베리건조엑스,K-040265
유로펜정 416.7mg/PTP,지황|당귀|목통|황금|택사|차전자|감초|치자|용담|육계|생강|대황|마황|연교,K-011442
지펜정 300mg,덱시부프로펜,K-011780
마그밀정(수산화마그네슘),수산화마그네슘,K-000250
알러딘정(펙소페나딘염산염),펙소페나딘염산염,K-023933
하벤코정 500mg/PTP,아세트아미노펜|수도에페드린염산염|클로르페니라민말레산염,K-034582
엑스콜노즈정 600mg/포,소청룡탕연조엑스|아세트아미노펜|클로르페니라민말레산염|티페피딘히벤즈산염|카페인무수물|티아민질산염|리보플라빈|제피아스코르브산,K-044921
크로아존정 300mg/PTP,클로르족사존|아세트아미노펜,K-033059
메가트루골드정 25mg/병,,K-031974
푸러펜정 300mg/PTP,클로르족사존|아세트아미노펜,K-032607
네프신정 416.7mg/PTP,지황|당귀|목통|황금|택사|차전자|감초|치자|용담|육계|생강|대황|마황|연교,K-034894
신일이부프로펜정 400mg,이부프로펜,K-002824
오메콜에프캡슐 200mg/PTP,아세트아미노펜|덱스트로메토르판브롬화수소산염수화물|dl-메틸에페드린염산염|구아이페네신|클로르페니라민말레산염|카페인무수물,K-031963
하드칼츄어블이지정,탄산칼슘|농축콜레칼시페롤과립,K-032253
쎄락틸정 300mg,덱시부프로펜 디.씨.,K-011982
스코펜정400mg/PTP,이부프로펜,K-001150
프라스칼-디정 750mg,구연산칼슘|건조콜레칼시페롤,K-016799
젠타졸정 400mg/PTP,알벤다졸,K-025285
한방화콜캡슐 200mg/PTP,소청룡탕건조엑스|아세트아미노펜|티페피딘히벤즈산염|클로르페니라민말레산염|카페인무수물,K-028437
글로덱시정 300mg,덱시부프로펜,K-030163
담엔싹정 300mg/PTP,클로르족사존|아세트아미노펜,K-046737
엘도인캡슐 300mg,에르도스테인,K-013403
오스테민캡슐(결정글루코사민황산염),결정글루코사민황산염,K-002275
한미알마게이트정 500mg,알마게이트,K-008537
펜타우드정(덱시부프로펜),덱시부프로펜,K-010538
게보린정 300mg/PTP,아세트아미노펜|카페인무수물|이소프로필안티피린,K-000573
엠피스정 300mg/PTP,클로르족사존|아세트아미노펜,K-012914
카푸린에스정 200mg/병,아세트아미노펜|카페인무수물|에페드린염산염,K-032243
지니펜정 200mg/병,에페드린염산염|카페인무수물|아세트아미노펜,K-032158
엑스콜콜드캡슐 158mg/포,아세트아미노펜|클로르페니라민말레산염|수도에페드린염산염|덱스트로메토르판브롬화수소산염수화물|구아야콜설폰산칼륨|아스코르브산|카페인무수물|갈근탕엑스,K-034827
아이월드요비신정 416.7mg/PTP,지황|당귀|목통|황금|택사|차전자|감초|치자|용담|육계|생강|대황|마황|연교,K-022749
보나링츄어블정 20mg/PTP,디멘히드리네이트|스코폴라민브롬화수소산염수화물,K-038290
엔시드8시간이알서방정 650mg,아세트아미노펜,K-012244
베라드정 0.5g/PTP,지실|작약|길경|건강|대추|감초,K-000650
나프록스정 275mg,나프록센나트륨,K-007235
요로신정 416.7mg/PTP,지황|당귀|목통|황금|택사|차전자|감초|치자|용담|육계|생강|대황|마황|연교,K-011541
이치원캡슐 1250mg/PTP,승마|목단피|당귀|황련|생지황,K-050103
알베오텐정(비매품) (수출용),넬테넥신일수화물,K-010554
셀라펜정 300mg/PTP,클로르족사존|아세트아미노펜,K-005025
엘칸정 330mg,엘-카르니틴,K-002942
엘도에스정(에르도스테인),에르도스테인,K-046375
삐삐콜플러스정 2mg/병,d-브롬페니라민말레산염|수도에페드린황산염,K-009443
알삭센정(나프록센나트륨),나프록센나트륨,K-002537
슬라드린정 200mg/병,에페드린염산염|카페인무수물|아세트아미노펜,K-043285
맥시부펜이알정 300mg,덱시부프로펜,K-022362
알게론정 500mg,알마게이트,K-029916
덱스핀정(비매품),덱시부프로펜디.씨,K-010738
슈가린정 200mg/병,아세트아미노펜|에페드린염산염|카페인무수물,K-040244
훼스탈골드정,판크레아틴|디아스타제·프로테아제·셀룰라제|프로자임6|리파제|셀룰라제|우르소데옥시콜산|시메티콘,K-007822
종근당알벤다졸정 400mg/PTP,알벤다졸,K-004030
슬렌페드씨정 200mg/병,아세트아미노펜|에페드린염산염|카페인무수물|아스코르브산97%과립,K-030060
씨메탈시정 50mg/PTP,시메티딘|규산알루민산마그네슘|히드로탈시트|탄산수소나트륨,K-007588
바이엘아스피린정 500mg,아스피린,K-010140
까스앤프리츄정 80mg/PTP,시메티콘,K-037988
파나덱스정 300mg,덱시부프로펜,K-045583
게루삼정 200mg/PTP,건조수산화알루미늄 겔|침강탄산칼슘|탄산마그네슘|탄산수소나트륨,K-000059
훼스탈플러스정 315mg/PTP,판크레아틴|셀룰라제|우르소데옥시콜산|시메티콘,K-007024
해슈펜에프정 200mg/병,에페드린염산염|카페인무수물|아세트아미노펜,K-045658
브로다제장용정(브로멜라인),브로멜라인,K-017668
콘로인캡슐(황산콘드로이틴나트륨),콘드로이틴설페이트나트륨,K-007923
카이로정 500mg/PTP,아세트아미노펜|부틸스코폴라민브롬화물,K-025648
크라운소브레롤캅셀,소브레롤,K-002049
뉴클로정 125mg/PTP,클로닉신리시네이트,K-025262
대화이부프로펜정 400mg,이부프로펜,K-002495
에키나포스프로텍트정 1140mg,에키나시아푸르푸레아 허바팅크|에키나시아푸르푸레아 뿌리팅크,K-026788
웰다운에스정 200mg/병,에페드린염산염|카페인무수물|아세트아미노펜,K-029910
펙소나딘정 120mg,펙소페나딘염산염,K-018305
엘도랄정(에르도스테인),에르도스테인,K-013332
네오벤졸정 400mg/PTP,알벤다졸,K-051165
타나센정 500mg/PTP,아세트아미노펜|카페인수화물,K-016736
나프록소정(나프록센나트륨),나프록센나트륨,K-041290
로이디펜캡슐 20mg/PTP,엔테로코쿠스페칼리스 F-100균|로페라미드염산염|베르베린염화물수화물|아크리놀수화물,K-010912
소니펜정 300mg,덱시부프로펜,K-033609
알졸타정400mg/PTP,알벤다졸,K-026561
마그네스정(수출용)(몽골),락트산마그네슘수화물|피리독신염산염,K-013259
신일겔정 200mg/병,건조수산화알루미늄겔|탄산마그네슘|침강탄산칼슘|탄산수소나트륨,K-033171
다산알벤다졸정400mg/PTP,알벤다졸,K-052276
부스코판플러스정 10mg/PTP,부틸스코폴라민브롬화물|아세트아미노펜,K-025276
더블자임정 400mg/PTP,메타규산알루민산마그네슘|탄산수소나트륨|디아스타제·프로테아제·셀룰라제|스코폴리아엑스|리파제|감초가루|침강탄산칼슘|트리메부틴말레산염,K-040587
큐레틴정(빌베리건조엑스),빌베리건조엑스,K-019469
카베진코와알파정 25mg/PTP,메틸메티오닌설포늄염화물|스코폴리아엑스3배산|당약가루|비오디아스타제2000|리파제AP12|자소엽건조엑스|탄산마그네슘|탄산수소나트륨|침강탄산칼슘,K-044660
타이레놀콜드-에스정 325mg/PTP,아세트아미노펜|슈도에페드린염산염|덱스트로메토르판브롬화수소산염수화물|클로르페니라민말레인산염,K-013626
맥스펜정(덱시부프로펜디.씨),덱시부프로펜,K-011942
세르비아캡슐(엔테로코쿠스페슘스트레인세르넬레68균),엔테로코쿠스페슘스트레인세르넬레68균ME,K-009410
근편정 300mg/PTP,클로르족사존|아세트아미노펜,K-033746
고칼디정,탄산칼슘|농축콜레칼시페롤 과립,K-030840
기스톱정(세티리진염산염),세티리진염산염,K-023410
렉스펜정 300mg/PTP,클로르족사존|아세트아미노펜,K-020330
에버칼정,탄산칼슘|농축콜레칼시페롤과립,K-024350
이바내정 51.55mg/PTP,리보플라빈부티레이트|피리독신염산염97%과립|아스코르브산97%과립|니코틴산아미드|비오틴1%|L-시스테인|의이인건조엑스,K-011543
일양노이시린에이정(규산알루민산마그네슘),규산알루민산마그네슘,K-000479
파자임-95밀리그램이중정,판크레아틴|시메티콘 산|시메티콘,K-001061
하이펜정 500mg/PTP,아세트아미노펜|푸르설티아민,K-024503
이모나캡슐 150mg/PTP,염화리소짐|아스코르브산|토코페롤아세테이트 2배산|카르바조크롬,K-015230
슈가펜에스정 200mg/병,아세트아미노펜|에페드린염산염|카페인무수물,K-029864
익수알벤졸정 400mg/PTP,알벤다졸,K-026059
엘레비트정 121mg/PTP,,K-038957
임팩타민파워정 50mg/병,벤포티아민|리보플라빈|니코틴산아미드|판토텐산칼슘|피리독신염산염|시아노코발라민1000배산|콜린타르타르산염|이노시톨|비오틴|폴산|산화아연|아스코르브산과립97%,K-024995
올바펜정 500mg/PTP,아세트아미노펜|푸르설티아민,K-012003
센티렉스어드밴스정 650.132mg/병,,K-037501
디젠정 250mg/PTP (수출용),탄산마그네슘|탄산수소나트륨|디아스타제·프로테아제100|스코폴리아엑스,K-014986
팍스정(덱시부프로펜),덱시부프로펜,K-010366
에스프로펜정(덱시부프로펜),덱시부프로펜,K-012192
대웅알벤다졸정 400mg/PTP,알벤다졸,K-019904
뮤코스텐캡슐 100mg,아세틸시스테인,K-003078
알비정400mg/PTP,알벤다졸,K-012865
미래나프록센나트륨정,나프록센나트륨,K-008123
한신리페인캡슐 1g/PTP,작약|감초,K-008014
씨씨본정(침강탄산칼슘),침강탄산칼슘,K-008204
써스펜8시간이알서방정 650mg,아세트아미노펜,K-013395
아르펜정 200mg/PTP,이부프로펜|아르기닌,K-011783
프로트린정(나트록센나트륨),나프록센나트륨,K-003017
키모랄에스정 40mg/PTP,브로멜라인|결정트립신,K-000147
프리나정(나프록센나트륨),나프록센나트륨,K-007340
데이감에스정 500mg/PTP,아세트아미노펜|클로르페니라민말레산염|슈도에페드린염산염,K-013378
알메텍정(세티리진염산염),세티리진염산염,K-006250
노시드정 124.9mg/PTP,옥세타자인|탄산마그네슘|건조수산화알루미늄겔,K-051306
훼로바-유서방정(비매품),건조황산제일철,K-010749
덱시파인정(덱시부프로펜),덱시부프로펜,K-049905
시노피드플러스정 500mg/PTP,아세트아미노펜|슈도에페드린염산염|클로르페니라민말레산염,K-011166
디크로닉정(클로닉신리시네이트),클로닉신리시네이트,K-001728
하벤허브에프캡슐 200mg/PTP,아세트아미노펜|구아이페네신|수도에페드린염산염|클로페라스틴염산염|클로르페니라민말레산염|티아민질산염|리보플라빈|감초건조엑스|길경50%에탄올건조엑스|계피건조엑스,K-044830
보나링에이정(디멘히드리네이트),디멘히드리네이트,K-000121
로텍정(염산세티리진)(수출명:ZINRYTECTabs),세티리진염산염,K-006456
노이로민정(세인트존스워트80%메탄올건조엑스),세인트존스워트80%메탄올건조엑스,K-007638
신일트리메부틴말레산염정(수출용),트리메부틴말레산염,K-001743
써모펜에스정 200mg/병,아세트아미노펜|에페드린염산염|카페인무수물,K-029865
디맥정 1000IU/PTP,농축콜레칼시페롤과립,K-031876
케어코프캡슐 46.67mg/PTP,노스카핀|dl-메틸에페드린염산염|말레인산카르비녹사민|구아야콜설폰산칼륨수화물|덱스트로메토르판브롬화수소산염수화물,K-013263
아클린정 300mg/PTP,아세트아미노펜|클로르족사존,K-022963
일양나프록센나트륨정 275mg/PTP,나프록센나트륨,K-033588
엘스테인정(에르도스테인),에르도스테인,K-044834
,,K-005558
큐자임정,디아스타제·프로테아제·셀룰라제|dl-카르니틴염산염|우담즙건조엑스|글리시리진산암모늄|티아민염산염,K-004548
람노스캡슐(락토바실루스카제이변종람노수스)(수출명1:올바이오캡슐수출명2:안티비오포르테캡슐),락토바실루스카제이변종람노수스의동결건조배양물,K-013256
임팩타민정 50mg/PTP,티아민질산염|리보플라빈3배산|니코틴산아미드|판토텐산칼슘|피리독신염산염|폴산|시아노코발라민1000배산|산화아연,K-022095
잘젠정 30mg/PTP,디아스타제·프로테아제·셀룰라제|리파제|우르소데옥시콜산|시메티콘 산,K-010769
익수허브콜캡슐 490mg/포,금은화|연교|두시|우방자|박하|길경|감초|담죽엽|형개|영양각,K-022371
낙센정 250mg/PTP,나프록센,K-000272
알콤정 500mg/PTP,플루벤다졸,K-004617
크라렉신정 150mg/PTP,클로르족사존|에텐자미드|카페인무수물,K-009552
이티민정 80mg,은행엽건조엑스,K-047998
우루사정 100mg,우르소데옥시콜산,K-000746
스트렙실허니앤레몬트로키 8.75mg/PTP,플루르비프로펜,K-026741
애니탈삼중정 50mg/병,메타규산알루민산마그네슘|탄산수소나트륨|침강탄산칼슘|디아스타제·프로테아제·셀룰라제|리파제|감초가루|스코폴리아엑스|트리메부틴말레산염,K-006284
하디코프에프정 200mg/PTP,아세트아미노펜|슈도에페드린염산염|덱스트로메토르판브롬화수소산염수화물|구아이페네신,K-013450
아웃콜캡슐 200mg/PTP,소청룡탕건조엑스|아세트아미노펜|티페피딘히벤즈산염|클로르페니라민말레산염|카페인무수물,K-008826
디카맥스디정,탄산칼슘 95%과립|농축콜레칼시페롤 과립,K-023310
,,K-007120
우루리버정 100mg,우르소데옥시콜산,K-043542
스토마신캡슐 500mg/PTP,구풍해독탕건조엑스,K-025194
삼남건조수산화알루미늄겔정,건조수산화알루미늄 겔,K-005094
쾌이락큐정 500mg/PTP,수산화마그네슘|우르소데옥시콜산|노회엑스,K-017482
복합파자임이중정,판크레아틴|우르소데옥시콜산|시메티콘,K-005676
에세푸릴캡슐(니푸록사지드),니푸록사지드,K-001527
래피콜에이캡슐 100mg/PTP,아세트아미노펜|에텐자미드|티페피딘히벤즈산염|dl-메틸에페드린염산염|클로르페니라민말레산염|카페인무수물|티아민질산염|리보플라빈|제피아스코르브산|향소산건조엑스,K-019196
로페도에프캡슐 10mg,아크리놀수화물|베르베린염화물수화물|비스무트차질산염|스코폴리아엑스10배산,K-039810
아세드린정 100mg/병,아세트아미노펜|에페드린염산염|카페인무수물,K-038760
펜잘큐정 300mg/PTP,아세트아미노펜|카페인무수물|에텐자미드,K-024854
람노스캡슐500mg/병,락토바실루스카제이변종람노수스의동결건조배양물,K-041149
기넥신에프정 80mg,은행엽건조엑스,K-006564
징코란정 80mg,은행엽건조엑스,K-043946
라니린에스정 100mg/병,아세트아미노펜|에페드린염산염|카페인무수물,K-032883
대화산화마그네슘정,산화마그네슘,K-040709
뮤코론캡슐 375mg,카르보시스테인,K-000672
삼남아세트아미노펜정,아세트아미노펜,K-004637
페리나정 25mg/PTP,수도에페드린염산염|클로르페니라민말레산염,K-000364
플라벤정 500mg/PTP,미세정제플라보노이드분획물,K-021617
화인탈츄어블정 12.5mg/포,메클리진염산염수화물|스코폴라민브롬화수소산염수화물,K-011686
리보테인정 33.33mg/PTP,리보플라빈부티레이트|피리독신염산염|니코틴산아미드|비오틴|L-시스테인,K-007348
클로다펜정 200mg/PTP,클로르족사존,K-035649
트립라인정 40mg/PTP,브로멜라인|결정트립신,K-009379
바소필정(은행엽건조엑스),은행엽건조엑스,K-044978
메카인정 25mg/PTP,메클리진염산염수화물|스코폴라민브롬화수소산염수화물|카페인무수물,K-003329
크록신정 250mg,클로닉신리시네이트,K-002256
어린이용타이레놀정 80mg,아세트아미노펜 과립,K-004379
비카페롤정,탄산칼슘|농축콜레칼시페롤,K-044184
진맥톤정 80mg,은행엽엑스,K-008996
코트리나캡슐 50mg/PTP,메퀴타진|벨라돈나총알칼로이드|글리시리진산이칼륨|슈도에페드린염산염|카페인무수물,K-051196
액소도스정 60mg/PTP (수출용),트리프롤리딘염산염수화물|수도에페드린염산염,K-009432
플러스디정 10mg/PTP,콜레칼시페롤농축분말,K-029892
진트로이에프정(말레인산트리메부틴),트리메부틴말레산염,K-014567
코졸텍정(세티리진염산염),세티리진염산염,K-006544
키로민정 80mg,은행엽건조엑스,K-042785
리메부틴정100T(수출용),트리메부틴말레산염,K-009496
프리메정(덱시부프로펜디.씨),덱시부프로펜 디.씨,K-011154
질러탈정(염산세티리진),세티리진염산염,K-006435
로프민캡슐(염산로페라미드),로페라미드염산염,K-000368
아진탈플러스정 92mg/PTP,판크레아틴 장용과립|육계 가루|회향 가루|용담 가루|정향 가루|우르소데옥시콜산,K-048028
생장환에스정 55mg/PTP,도큐세이트나트륨|센나엽가루|Tinnevelly 센나열매가루|비사코딜,K-011544
팬스타정(덱시부프로펜디.씨),덱시부프로펜,K-011064
코미정 10mg/PTP,페닐레프린염산염|클로르페니라민말레산염,K-010450
디카맥스1000정,탄산칼슘 95%과립|농축콜레칼시페롤 과립,K-017108
타이레놀정 160mg,아세트아미노펜 과립,K-004799
트라밍엔정 25mg/PTP,메클리진염산염수화물|스코폴라민브롬화수소산염수화물|카페인무수물,K-045862
엑티리딘정 2.5mg/PTP,수도에페드린염산염|트리프롤리딘염산염수화물,K-006886
징코로민정(은행엽엑스),은행엽건조엑스,K-030986
인플라정 40mg/PTP,브로멜라인|결정트립신,K-018718
하이소밍에이정 2mg/병,아미노필린|dl-메틸에페드린염산염|클로르페니라민말레산염,K-038582
타라부틴정 200mg,트리메부틴말레산염,K-002186
파비시드정 200mg/PTP,건조수산화알루미늄겔|침강탄산칼슘|탄산마그네슘|탄산수소나트륨,K-049501
맥스타제-에스정 80mg/PTP,탄산마그네슘|스코폴리아엑스10배산|디아스타제·프로테아제100|탄산수소나트륨,K-025828
알티린정(홍콩),세티리진염산염,K-006432
제스부틴정 100mg/PTP,트리메부틴말레산염,K-012256
세티스정 10mg/PTP,세티리진염산염,K-025120
포부틴정(트리메부틴말레산염),트리메부틴말레산염,K-013135
트라우밀정 15mg/병,아르니카틴크D2|카렌두라틴크 D2|하마메리스틴크D2|밀레포리움틴크D3|벨라돈나틴크D4|아코니툼틴크D3|카모밀라틴크D3|심피툼틴크D8|벨리스페렌니스틴크D2|에키나세아안구스티폴틴크D2|에키나세아플푸르틴크D2|히페리쿰틴크D2|헤파설프리스D3,K-001352
동성정로환에프정 25mg/PTP,구아야콜|황백엑스산|황련가루|감초가루|진피건조엑스,K-044382
세보칸정 80mg,은행엽엑스,K-006421
타라부틴정(트리메부틴말레산염)(수출명:뉴트리소젠정),트리메부틴말레산염,K-000836
캐롤에프정 368.9mg/PTP,이부프로펜아르기닌,K-020805
트리앤정 100mg/PTP,트리메부틴말레산염,K-017574
코나진정(염산세티리진)(수출명:알리코염산세티리진정보파세티리진나정자이조세트정),세티리진염산염,K-006235
세트린정(염산세티리진)(수출명:ANTIRIZINtab),세티리진염산염,K-006025
셀트리온트리메부틴말레산염정,트리메부틴말레산염,K-010408
세이브론캡슐 200mg/PTP,아세틸시스테인|클로르페니라민말레산염,K-018720
메부라틴정 150mg,트리메부틴말레산염,K-015989
,,K-007246
하이스탈정 470mg/PTP,메타규산알루민산마그네슘|탄산수소나트륨|디아스타제·프로테아제·셀룰라제|스코폴리아엑스|리파제|감초가루|침강탄산칼슘|트리메부틴말레산염,K-011029
디마겐정 0.84g/PTP,반하|황금|건강|인삼|감초|대추|황련|이상 연조엑스로서,K-024765
세티진정(세티리진염산염),세티리진염산염,K-008976
징카민정 80mg,은행엽건조엑스,K-047626
오로친에스정 4mg/PTP,클로르페니라민말레산염|dl-메틸에페드린염산염|인진호탕건조엑스,K-014102
휴맥톤정 80mg,은행엽엑스,K-042616
보령바이오아스트릭스캡슐 100mg,아스피린장용과립,K-026636
소하자임플러스정 50mg/PTP,메타규산알루민산마그네슘|탄산수소나트륨|디아스타제·프로테아제·셀룰라제|스코폴리아엑스|리파제|감초가루|침강탄산칼슘|트리메부틴말레산염,K-013390
미소쿨정 200mg/포,건조수산화알루미늄 겔|침강탄산칼슘|탄산마그네슘|탄산수소나트륨,K-049866
제스판골드정 80mg/PTP,디아스타제·프로테아제·셀룰라제|프로자임|디메티콘|판크레아틴|DL-카르니틴염산염,K-022183
자비론정(독실아민석시네이트),독시라민숙신산염,K-002031
트리멘정(트리메부틴말레산염),트리메부틴말레산염,K-034327
글로아스피린장용정 100mg,아스피린,K-033406
베로나에스정 66.7mg/PTP,현초가루|베르베린염화물수화물|아크리놀수화물,K-035328
데코라펜정,덱시부프로펜,K-010545
아나피린장용정 100mg,아스피린,K-030177
진코신정 40mg,은행엽건조엑스,K-041918
파비안에스정 100mg/병,아세트아미노펜|에페드린염산염|카페인무수물,K-030053
알레리진정(세티리진염산염),세티리진염산염,K-006064
웰다운비정 100mg/병,에페드린염산염|카페인무수물|아세트아미노펜|티아민질산염3배산,K-033146
자니틴정(니자티딘)(비매품),니자티딘,K-009387
한올트리메부틴말레산염정,트리메부틴말레산염,K-014205
,,K-014180
토파제정(수출명:판틴정),판크레아틴|디메티콘|우담즙엑스|셀룰라제,K-003746
씨즈날정(세티리진염산염),세티리진염산염,K-006697
시알딘정 125mg/PTP,시메티딘|규산알루민산마그네슘|히드로탈시트|탄산수소나트륨,K-017479
,,K-052916
,,K-052691
베스자임정,디메티콘|판크레아틴|브로멜라인,K-005466
애드빌정 200mL/PTP,이부프로펜,K-011354
아루텍정(염산세티리진),세티리진염산염,K-006323
디프로펜정300mg/병,덱시부프로펜 디.씨.,K-058086
징코엠정 80mg,은행엽엑스,K-043251
기넥신에프정(은행엽엑스)(수출용),은행엽건조엑스,K-003483
액티넘이엑스플러스정 36.39mg/병,푸르설티아민염산염|피리독신염산염|시아노코발라민|토코페롤숙시네이트칼슘|판토텐산칼슘 타입S|γ-오리자놀,K-032376
노타민정(로라타딘),로라타딘,K-006287
비카린엠장용정 100mg/PTP,도큐세이트나트륨|센나엽가루|비사코딜,K-036353
유미오틴정 5mg/PTP,비오틴,K-049881
알러비정(세티리진염산염),세티리진염산염,K-038972
징코엠정 40mg,은행엽엑스,K-043250
이베다정 40mg/PTP,리보플라빈부티레이트|피리독신염산염|니코틴산아미드|비오틴|L-시스테인|제피아스코르브산,K-033333
크로낙정(클로닉신리시네이트),클로닉신리시네이트,K-001330
그날엔정 75mg/PTP,이부프로펜|알릴이소프로필아세틸우레아|카페인무수물,K-025458
진코발정 40mg,은행엽건조엑스,K-041998
미래트리메부틴정 100mg/병,트리메부틴말레산염,K-019461
바넥신정 40mg,은행엽건조엑스,K-051295
닥터베아제정 80mg/병,디아스타제·프로테아제·셀룰라제|판셀라제|크리아제-PEG|디아스타제·프로테아제100|판프로신|리파제|브로멜라인|우르소데옥시콜산|시메티콘파우더,K-012769
코딜로드정 55mg/PTP,도큐세이트나트륨|센나엽가루|Tinnevelly 센나열매가루|비사코딜,K-024279
휴니즈트리메부틴말레산염정,트리메부틴말레산염,K-036307
한미아스피린장용정 100mg,아스피린,K-009453
트리마정 200mg,트리메부틴말레산염,K-002257
로리딘정(로라티딘),로라타딘,K-006562
큐시드정 31.5mg/PTP,라니티딘염산염|산화마그네슘|규산알루민산마그네슘|수산화알루민산마그네슘,K-025438
머시론정 0.15mg/PTP,데소게스트렐|에티닐에스트라디올,K-010284
스메르정(독시라민숙신산염),독시라민숙신산염,K-002536
쎄로테정(염산세티리진),세티리진염산염,K-007339
에쟈스민정(로라타딘)(수출용),로라타딘,K-010543
뮤코펙트정(암브록솔염산염),암브록솔염산염,K-025189
판코타제정 175mg/PTP,판크레아틴I|우담즙건조엑스|디메티콘|셀룰라제,K-025500
크라운세티리진염산염정(군납용),세티리진염산염,K-007388
쎄닐톤정 60mg/병 (수출용),쎄니틴 T60|쎄니틴 GBX,K-000481
스파부틴정 100mg,트리메부틴말레산염,K-000779
베아제정(수출용),디아스타제·프로테아제·셀룰라제|리파제|판프로신|판셀라제|판크레아틴장용과립|우르소데옥시콜산|시메티콘,K-001862
징코에프정 40mg,은행엽건조엑스,K-045925
속시판정 175mg/PTP,판크레아틴|헤미셀룰라제|디메치콘|우르소데옥시콜산,K-026581
이부펜정 400mg,이부프로펜,K-002240
듀오락스정 5mg/병,도큐세이트나트륨|비사코딜,K-004268
진코바정 80mg,은행엽건조엑스,K-008120
씨콜드코프정 200mg/PTP,아세트아미노펜|구아이페네신|슈도에페드린염산염|클로페라스틴염산염|dl-메틸에페드린염산염|아스코르브산과립97%,K-016722
삼성아스피린장용정 100mg,아스피린,K-050705
진코멕신정 120mg,은행엽건조엑스,K-025283
지엘아스피린장용정 100mg,아스피린,K-046127
유니온아스피린장용정,아스피린,K-030574
영일아스피린장용정 100mg,아스피린,K-032138
아스피린프로텍트정 100mg,아스피린,K-011220
클로미딘정 100mg/병,건조레드클로버엑스,K-019790
제라타딘정(로라타딘),로라타딘,K-035659
진코발정 80mg,은행엽건조엑스,K-041997
구주로라타딘정 10mg,로라타딘,K-010995
니자드정(니자티딘),니자티딘,K-034125
자니티딘정 75mg,니자티딘,K-013368
징카민정 40mg,은행엽건조엑스,K-004442
신일티아민염산염정 10mg,티아민염산염,K-005223
노즈쏙정 20mg/PTP,슈도에페드린염산염|트리프롤리딘염산염수화물,K-033332
메부틴정(트리메부틴말레산염),트리메부틴말레산염,K-015499
아사프장용정 100mg,아스피린,K-034484
타이밍정 50mg/PTP,카페인무수물,K-000069
신일파모티딘정10mg/PTP,파모티딘,K-050375
다우제큐정 10mg/PTP,디아스타제·프로테아제·셀룰라제|리파제|우르소데옥시콜산,K-015236
진코신정 80mg,은행엽건조엑스,K-041917
다온정 0.1mg/PTP,레보노르게스트렐|에티닐에스트라디올,K-049556
서울아스피린장용정,아스피린,K-045265
니자티드정(니자티딘)(비매품),니자티딘,K-017220
